date,nifty100,nifty50,nifty100_return_pct,nifty50_return_pct
2019-01-01,9544.2,11107.87,0.4652,0.9806
2019-01-02,9450.79,11076.49,-0.9787,-0.2825
2019-01-03,9665.66,11104.69,2.2736,0.2546
2019-01-04,9651.18,11003.46,-0.1498,-0.9116
2019-01-07,9708.75,11120.21,0.5965,1.061
2019-01-08,9806.04,11094.77,1.002,-0.2288
2019-01-09,9848.93,11283.57,0.4374,1.7017
2019-01-10,9968.89,11198.47,1.218,-0.7542
2019-01-11,9693.69,11235.06,-2.7606,0.3268
2019-01-14,9782.72,11116.06,0.9184,-1.0592
2019-01-15,9785.69,11090.08,0.0303,-0.2337
2019-01-16,9800.83,11033.0,0.1547,-0.5147
2019-01-17,9943.88,11052.64,1.4596,0.178
2019-01-18,9851.71,11157.36,-0.9269,0.9475
2019-01-21,9718.65,11304.02,-1.3506,1.3145
2019-01-22,9828.49,11464.51,1.1302,1.4198
2019-01-23,9815.31,11411.07,-0.1341,-0.4661
2019-01-24,9828.31,11404.86,0.1324,-0.0544
2019-01-25,9761.67,11345.14,-0.678,-0.5236
2019-01-28,9726.23,11215.8,-0.363,-1.14
2019-01-29,9802.65,11213.3,0.7858,-0.0223
2019-01-30,9773.32,11092.16,-0.2992,-1.0804
2019-01-31,9652.48,11310.22,-1.2364,1.9659
2019-02-01,9589.74,11382.67,-0.65,0.6405
2019-02-04,9610.73,11070.19,0.2189,-2.7452
2019-02-05,9804.07,11149.24,2.0117,0.7141
2019-02-06,9725.2,11149.42,-0.8044,0.0016
2019-02-07,9606.15,11356.38,-1.2241,1.8562
2019-02-08,9514.08,11300.38,-0.9584,-0.4931
2019-02-11,9441.53,11312.85,-0.7625,0.1104
2019-02-12,9587.62,11518.67,1.5473,1.8194
2019-02-13,9549.38,11565.7,-0.3989,0.4083
2019-02-14,9561.8,11455.64,0.1301,-0.9516
2019-02-15,9820.43,11615.19,2.7048,1.3928
2019-02-18,9844.79,11802.41,0.248,1.6119
2019-02-19,9979.99,11815.61,1.3733,0.1119
2019-02-20,10019.77,11997.82,0.3986,1.5421
2019-02-21,9919.5,12202.23,-1.0008,1.7037
2019-02-22,9898.9,12391.94,-0.2076,1.5547
2019-02-25,9902.29,12437.49,0.0343,0.3676
2019-02-26,9902.51,12375.07,0.0023,-0.5018
2019-02-27,9877.05,12549.45,-0.2571,1.4091
2019-02-28,9629.57,12397.73,-2.5056,-1.209
2019-03-01,9556.58,12267.76,-0.758,-1.0483
2019-03-04,9719.14,12425.73,1.701,1.2877
2019-03-05,9786.32,12350.21,0.6912,-0.6078
2019-03-06,9933.95,12157.78,1.5086,-1.5581
2019-03-07,10171.99,12078.19,2.3962,-0.6546
2019-03-08,10146.74,12029.96,-0.2482,-0.3993
2019-03-11,10031.02,12265.16,-1.1404,1.9551
2019-03-12,10122.08,12417.92,0.9078,1.2455
2019-03-13,9989.88,12444.11,-1.306,0.2109
2019-03-14,10051.13,12481.54,0.6131,0.3008
2019-03-15,9926.86,12619.52,-1.2364,1.1055
2019-03-18,9944.1,12502.79,0.1737,-0.925
2019-03-19,9745.14,12582.39,-2.0008,0.6367
2019-03-20,10011.72,12458.42,2.7355,-0.9853
2019-03-21,10034.5,12600.51,0.2275,1.1405
2019-03-22,9898.37,12543.81,-1.3566,-0.45
2019-03-25,9808.67,12671.09,-0.9062,1.0147
2019-03-26,9955.61,12695.04,1.4981,0.189
2019-03-27,9867.41,12642.64,-0.8859,-0.4128
2019-03-28,9802.92,12522.88,-0.6535,-0.9473
2019-03-29,9795.84,12598.62,-0.0722,0.6048
2019-04-01,9852.59,12601.36,0.5793,0.0218
2019-04-02,9862.71,12594.86,0.1028,-0.0516
2019-04-03,9725.92,12618.81,-1.3869,0.1901
2019-04-04,9667.37,12452.58,-0.602,-1.3173
2019-04-05,9710.66,12380.14,0.4478,-0.5817
2019-04-08,9738.87,12488.79,0.2905,0.8776
2019-04-09,9640.97,12504.04,-1.0053,0.1221
2019-04-10,9452.83,12699.42,-1.9515,1.5625
2019-04-11,9315.29,12637.85,-1.455,-0.4848
2019-04-12,9456.16,12612.0,1.5122,-0.2045
2019-04-15,9335.39,12705.72,-1.2771,0.7431
2019-04-16,9410.03,12629.08,0.7996,-0.6032
2019-04-17,9359.46,12577.88,-0.5374,-0.4054
2019-04-18,9341.89,12343.56,-0.1877,-1.863
2019-04-19,9326.98,12567.46,-0.1596,1.8139
2019-04-22,9238.79,12497.9,-0.9456,-0.5535
2019-04-23,9122.2,12578.16,-1.262,0.6422
2019-04-24,9246.58,12730.4,1.3635,1.2103
2019-04-25,9123.34,12797.84,-1.3328,0.5298
2019-04-26,9270.88,12866.91,1.6171,0.5397
2019-04-29,9323.38,12810.08,0.5663,-0.4416
2019-04-30,9349.68,12972.3,0.2821,1.2663
2019-05-01,9387.18,12814.26,0.401,-1.2183
2019-05-02,9343.84,12973.06,-0.4616,1.2393
2019-05-03,9380.96,12992.4,0.3972,0.1491
2019-05-06,9327.54,13150.73,-0.5694,1.2186
2019-05-07,9501.84,13320.79,1.8687,1.2932
2019-05-08,9656.42,13277.0,1.6269,-0.3287
2019-05-09,9607.15,13260.23,-0.5102,-0.1263
2019-05-10,9615.07,13453.96,0.0824,1.461
2019-05-13,9742.23,13530.44,1.3225,0.5685
2019-05-14,9592.75,13306.1,-1.5343,-1.658
2019-05-15,9621.96,13427.22,0.3045,0.9103
2019-05-16,9617.39,13688.37,-0.0475,1.9449
2019-05-17,9506.72,13527.07,-1.1507,-1.1784
2019-05-20,9441.06,13436.13,-0.6907,-0.6723
2019-05-21,9499.49,13383.5,0.6189,-0.3917
2019-05-22,9341.55,13506.84,-1.6626,0.9216
2019-05-23,9164.44,13366.2,-1.8959,-1.0412
2019-05-24,9004.52,13397.89,-1.745,0.2371
2019-05-27,9026.55,13658.67,0.2447,1.9465
2019-05-28,9120.9,13859.68,1.0452,1.4716
2019-05-29,9153.5,13728.44,0.3575,-0.9469
2019-05-30,9170.06,13813.89,0.1809,0.6224
2019-05-31,9244.72,13752.78,0.8142,-0.4424
2019-06-03,9298.12,13628.59,0.5777,-0.903
2019-06-04,9195.13,13480.61,-1.1076,-1.0858
2019-06-05,9201.3,13325.87,0.0671,-1.1478
2019-06-06,9161.99,13450.19,-0.4272,0.9329
2019-06-07,9061.94,13386.39,-1.092,-0.4743
2019-06-10,9072.71,13423.46,0.1188,0.2769
2019-06-11,9026.51,13533.11,-0.5092,0.8169
2019-06-12,9088.75,13691.43,0.6895,1.1699
2019-06-13,9084.23,13625.33,-0.0498,-0.4828
2019-06-14,9019.65,13671.25,-0.7109,0.337
2019-06-17,8985.84,13597.54,-0.3749,-0.5392
2019-06-18,8945.12,13508.65,-0.4531,-0.6537
2019-06-19,8968.28,13321.88,0.2589,-1.3826
2019-06-20,9001.76,13416.01,0.3733,0.7065
2019-06-21,8947.84,13677.9,-0.599,1.952
2019-06-24,8953.15,13468.44,0.0594,-1.5313
2019-06-25,8929.03,13480.92,-0.2694,0.0927
2019-06-26,8976.7,13450.26,0.5339,-0.2274
2019-06-27,8880.4,13307.02,-1.0727,-1.065
2019-06-28,8820.11,13236.79,-0.679,-0.5278
2019-07-01,8713.52,13143.76,-1.2085,-0.7028
2019-07-02,8780.21,13364.37,0.7654,1.6784
2019-07-03,8856.69,13542.9,0.871,1.3359
2019-07-04,8955.13,13659.79,1.1115,0.8631
2019-07-05,8925.44,13683.14,-0.3316,0.1709
2019-07-08,8887.71,13657.26,-0.4227,-0.1891
2019-07-09,8897.93,13758.81,0.115,0.7436
2019-07-10,8942.92,13740.67,0.5057,-0.1318
2019-07-11,8951.96,13804.35,0.1011,0.4635
2019-07-12,9021.26,13598.8,0.7741,-1.489
2019-07-15,8917.96,13753.46,-1.1451,1.1373
2019-07-16,8915.56,13699.26,-0.027,-0.3941
2019-07-17,8893.28,13667.24,-0.2498,-0.2337
2019-07-18,8951.42,13519.9,0.6537,-1.078
2019-07-19,8957.44,13557.23,0.0673,0.2761
2019-07-22,9000.07,13591.51,0.4759,0.2529
2019-07-23,9054.75,13517.75,0.6075,-0.5427
2019-07-24,8964.57,13853.94,-0.996,2.487
2019-07-25,8938.45,13832.54,-0.2914,-0.1545
2019-07-26,9008.67,14057.47,0.7856,1.6261
2019-07-29,8958.31,13921.28,-0.559,-0.9688
2019-07-30,8839.49,14147.24,-1.3264,1.6231
2019-07-31,8742.09,14147.59,-1.1019,0.0024
2019-08-01,8651.61,13946.93,-1.035,-1.4184
2019-08-02,8627.25,13820.32,-0.2816,-0.9078
2019-08-05,8565.07,14101.72,-0.7208,2.0361
2019-08-06,8608.53,14237.3,0.5074,0.9615
2019-08-07,8690.06,14227.21,0.9471,-0.0709
2019-08-08,8651.5,14266.89,-0.4437,0.2789
2019-08-09,8670.99,14190.02,0.2253,-0.5388
2019-08-12,8686.84,14094.05,0.1828,-0.6763
2019-08-13,8673.93,14051.02,-0.1486,-0.3053
2019-08-14,8556.33,13724.87,-1.3558,-2.3212
2019-08-15,8471.37,13976.6,-0.993,1.8341
2019-08-16,8445.9,14089.25,-0.3006,0.806
2019-08-19,8251.91,13951.42,-2.2969,-0.9783
2019-08-20,8132.26,13927.38,-1.4499,-0.1723
2019-08-21,8352.17,13995.66,2.7042,0.4902
2019-08-22,8511.29,13964.25,1.9052,-0.2244
2019-08-23,8642.48,14257.95,1.5414,2.1033
2019-08-26,8635.54,14185.34,-0.0803,-0.5093
2019-08-27,8513.81,14145.75,-1.4096,-0.2791
2019-08-28,8524.89,14437.29,0.1301,2.061
2019-08-29,8406.87,14450.23,-1.3845,0.0897
2019-08-30,8242.45,14392.9,-1.9557,-0.3968
2019-09-02,8273.98,14470.99,0.3825,0.5426
2019-09-03,8330.9,14532.84,0.6879,0.4274
2019-09-04,8387.42,14543.85,0.6785,0.0757
2019-09-05,8294.1,14278.91,-1.1127,-1.8217
2019-09-06,8247.54,14263.97,-0.5614,-0.1046
2019-09-09,8364.6,14253.9,1.4193,-0.0706
2019-09-10,8349.86,14313.13,-0.1762,0.4155
2019-09-11,8328.4,14433.44,-0.257,0.8405
2019-09-12,8513.06,14753.98,2.2173,2.2208
2019-09-13,8525.55,14808.11,0.1467,0.3669
2019-09-16,8677.03,14790.35,1.7767,-0.12
2019-09-17,8745.33,14626.89,0.7871,-1.1052
2019-09-18,8718.93,14800.38,-0.3019,1.1861
2019-09-19,8653.54,14785.87,-0.75,-0.0981
2019-09-20,8507.15,15086.88,-1.6916,2.0358
2019-09-23,8628.75,15119.78,1.4293,0.2181
2019-09-24,8680.37,15184.17,0.5983,0.4259
2019-09-25,8816.02,15109.95,1.5627,-0.4888
2019-09-26,8890.56,15277.28,0.8455,1.1074
2019-09-27,9012.97,14936.69,1.3769,-2.2294
2019-09-30,8957.16,14788.94,-0.6192,-0.9892
2019-10-01,8975.48,14495.23,0.2045,-1.986
2019-10-02,8777.11,14814.14,-2.2102,2.2001
2019-10-03,8840.26,14836.51,0.7195,0.151
2019-10-04,8879.16,14862.67,0.44,0.1763
2019-10-07,8980.12,14773.13,1.1371,-0.6024
2019-10-08,9002.15,14811.16,0.2453,0.2574
2019-10-09,8902.09,15004.74,-1.1115,1.307
2019-10-10,8862.01,15161.9,-0.4502,1.0474
2019-10-11,8876.76,15414.13,0.1664,1.6636
2019-10-14,8778.63,15251.55,-1.1055,-1.0548
2019-10-15,8694.68,15276.46,-0.9563,0.1633
2019-10-16,8845.59,15524.41,1.7356,1.6231
2019-10-17,8624.36,15567.83,-2.501,0.2797
2019-10-18,8323.0,15696.27,-3.4942,0.825
2019-10-21,8428.7,15694.66,1.27,-0.0102
2019-10-22,8439.86,15710.93,0.1324,0.1036
2019-10-23,8370.41,15783.47,-0.8229,0.4617
2019-10-24,8352.45,15935.04,-0.2145,0.9603
2019-10-25,8345.35,15802.62,-0.085,-0.831
2019-10-28,8207.7,15512.79,-1.6495,-1.8341
2019-10-29,8329.48,15446.43,1.4838,-0.4278
2019-10-30,8363.83,15726.51,0.4124,1.8132
2019-10-31,8315.4,15632.55,-0.5791,-0.5975
2019-11-01,8306.64,15641.84,-0.1054,0.0594
2019-11-04,8482.43,15891.46,2.1163,1.5958
2019-11-05,8543.75,16126.56,0.723,1.4794
2019-11-06,8530.42,16179.64,-0.156,0.3292
2019-11-07,8505.54,15975.72,-0.2917,-1.2604
2019-11-08,8621.58,16065.46,1.3643,0.5617
2019-11-11,8626.74,16069.88,0.0599,0.0275
2019-11-12,8487.26,15917.62,-1.6168,-0.9475
2019-11-13,8522.04,15838.17,0.4098,-0.4991
2019-11-14,8505.04,15826.35,-0.1995,-0.0747
2019-11-15,8444.59,15677.91,-0.7107,-0.9379
2019-11-18,8298.2,15659.64,-1.7336,-0.1165
2019-11-19,8357.99,15406.95,0.7205,-1.6136
2019-11-20,8359.12,15454.89,0.0135,0.3111
2019-11-21,8271.47,15679.32,-1.0485,1.4521
2019-11-22,8239.68,15668.15,-0.3843,-0.0713
2019-11-25,8228.36,15395.4,-0.1374,-1.7408
2019-11-26,8322.96,15252.91,1.1496,-0.9255
2019-11-27,8304.64,15348.65,-0.2202,0.6277
2019-11-28,8441.42,15187.5,1.647,-1.0499
2019-11-29,8403.34,15402.01,-0.4511,1.4124
2019-12-02,8449.57,15510.0,0.5501,0.7012
2019-12-03,8355.25,15455.84,-1.1162,-0.3492
2019-12-04,8343.17,15327.88,-0.1446,-0.8279
2019-12-05,8192.82,15254.23,-1.802,-0.4805
2019-12-06,8318.15,15267.83,1.5297,0.0892
2019-12-09,8447.22,15299.74,1.5517,0.209
2019-12-10,8379.54,15499.8,-0.8012,1.3076
2019-12-11,8402.46,15653.53,0.2736,0.9918
2019-12-12,8307.08,15820.83,-1.1352,1.0688
2019-12-13,8408.08,15871.42,1.2158,0.3198
2019-12-16,8336.81,15868.88,-0.8476,-0.016
2019-12-17,8396.2,15910.86,0.7124,0.2646
2019-12-18,8455.07,16076.69,0.7012,1.0422
2019-12-19,8398.14,15895.82,-0.6733,-1.1251
2019-12-20,8398.03,15848.17,-0.0013,-0.2997
2019-12-23,8473.98,15682.64,0.9044,-1.0445
2019-12-24,8572.48,15899.63,1.1624,1.3836
2019-12-25,8575.94,15914.06,0.0403,0.0907
2019-12-26,8506.96,15832.47,-0.8043,-0.5127
2019-12-27,8472.15,16065.67,-0.4092,1.4729
2019-12-30,8468.84,15858.07,-0.0391,-1.2922
2019-12-31,8496.02,15993.86,0.3209,0.8563
2020-01-01,8497.04,16233.64,0.012,1.4992
2020-01-02,8573.11,16068.2,0.8953,-1.0191
2020-01-03,8524.54,16109.37,-0.5666,0.2562
2020-01-06,8371.71,16168.39,-1.7928,0.3664
2020-01-07,8212.84,16338.71,-1.8977,1.0534
2020-01-08,8298.09,16426.09,1.038,0.5348
2020-01-09,8239.72,16458.98,-0.7035,0.2002
2020-01-10,8196.48,16294.26,-0.5247,-1.0008
2020-01-13,8169.22,16412.93,-0.3326,0.7283
2020-01-14,8176.42,16655.96,0.0882,1.4807
2020-01-15,8248.57,16770.67,0.8824,0.6887
2020-01-16,8105.88,16727.88,-1.7298,-0.2552
2020-01-17,8014.22,16702.29,-1.1308,-0.153
2020-01-20,7956.31,16644.23,-0.7226,-0.3476
2020-01-21,8052.36,16728.32,1.2073,0.5052
2020-01-22,8144.79,16465.57,1.1478,-1.5707
2020-01-23,8153.24,16629.68,0.1038,0.9967
2020-01-24,8291.59,16377.23,1.6969,-1.5181
2020-01-27,8262.85,16551.52,-0.3466,1.0642
2020-01-28,8248.68,16405.8,-0.1715,-0.8804
2020-01-29,8111.34,16255.08,-1.665,-0.9187
2020-01-30,7963.89,16269.46,-1.8178,0.0885
2020-01-31,8045.59,16069.19,1.0259,-1.231
2020-02-03,8071.62,16209.84,0.3235,0.8753
2020-02-04,8074.61,15953.61,0.037,-1.5807
2020-02-05,8112.14,15949.68,0.4648,-0.0246
2020-02-06,8101.42,15867.25,-0.1322,-0.5168
2020-02-07,8112.39,15952.9,0.1355,0.5398
2020-02-10,8328.97,15975.61,2.6697,0.1423
2020-02-11,8470.75,16037.56,1.7023,0.3878
2020-02-12,8464.86,16066.19,-0.0695,0.1785
2020-02-13,8354.49,16120.15,-1.3039,0.3359
2020-02-14,8174.76,15985.92,-2.1513,-0.8327
2020-02-17,8187.91,16181.58,0.1608,1.224
2020-02-18,8320.04,16148.16,1.6137,-0.2065
2020-02-19,8337.62,16311.96,0.2113,1.0144
2020-02-20,8219.02,16382.88,-1.4224,0.4347
2020-02-21,8147.46,16359.64,-0.8707,-0.1418
2020-02-24,8109.58,16435.77,-0.4649,0.4654
2020-02-25,8161.91,16587.16,0.6453,0.9211
2020-02-26,8196.44,16620.61,0.423,0.2017
2020-02-27,8366.88,16372.24,2.0794,-1.4944
2020-02-28,8526.28,16329.7,1.9052,-0.2598
2020-03-02,8583.23,16281.42,0.668,-0.2957
2020-03-03,8520.33,16365.2,-0.7328,0.5146
2020-03-04,8621.41,16447.52,1.1863,0.503
2020-03-05,8573.45,17046.43,-0.5563,3.6414
2020-03-06,8689.91,17210.65,1.3584,0.9633
2020-03-09,8659.65,17108.22,-0.3483,-0.5952
2020-03-10,8636.46,17298.36,-0.2678,1.1114
2020-03-11,8545.81,17118.77,-1.0497,-1.0382
2020-03-12,8599.95,17178.55,0.6335,0.3492
2020-03-13,8530.52,16996.25,-0.8073,-1.0612
2020-03-16,8668.86,17062.03,1.6217,0.387
2020-03-17,8542.3,16846.43,-1.4599,-1.2636
2020-03-18,8511.75,16974.94,-0.3577,0.7628
2020-03-19,8570.86,17172.13,0.6945,1.1617
2020-03-20,8433.78,17215.72,-1.5994,0.2538
2020-03-23,8569.44,17450.34,1.6085,1.3628
2020-03-24,8606.7,17865.31,0.4348,2.378
2020-03-25,8667.83,18056.96,0.7102,1.0727
2020-03-26,8675.54,17921.36,0.0889,-0.751
2020-03-27,8595.49,17959.28,-0.9227,0.2116
2020-03-30,8578.93,17647.04,-0.1927,-1.7386
2020-03-31,8485.56,17596.15,-1.0884,-0.2884
2020-04-01,8556.84,17598.6,0.84,0.0139
2020-04-02,8553.48,17430.2,-0.0393,-0.9569
2020-04-03,8559.08,17665.35,0.0655,1.3491
2020-04-06,8577.15,17404.38,0.2111,-1.4773
2020-04-07,8462.5,17512.08,-1.3367,0.6188
2020-04-08,8445.0,17504.27,-0.2067,-0.0446
2020-04-09,8391.46,17597.64,-0.634,0.5334
2020-04-10,8367.04,17570.08,-0.291,-0.1566
2020-04-13,8292.04,17737.29,-0.8963,0.9517
2020-04-14,8275.19,17850.43,-0.2032,0.6379
2020-04-15,8169.85,18165.29,-1.273,1.7639
2020-04-16,8287.91,17823.82,1.4451,-1.8798
2020-04-17,8218.11,17914.3,-0.8421,0.5076
2020-04-20,8102.09,17896.1,-1.4117,-0.1016
2020-04-21,8143.35,17868.41,0.5093,-0.1547
2020-04-22,8194.87,17749.88,0.6327,-0.6633
2020-04-23,7995.85,17929.53,-2.4286,1.0121
2020-04-24,8084.88,18383.8,1.1134,2.5336
2020-04-27,7891.82,18527.35,-2.3879,0.7808
2020-04-28,7724.08,18858.34,-2.1256,1.7865
2020-04-29,7768.62,18684.48,0.5767,-0.9219
2020-04-30,7838.4,18586.75,0.8982,-0.523
2020-05-01,7867.44,18630.61,0.3705,0.236
2020-05-04,8021.53,18974.33,1.9586,1.8449
2020-05-05,7972.04,19180.79,-0.617,1.0881
2020-05-06,8006.35,18915.58,0.4303,-1.3827
2020-05-07,7948.24,19363.15,-0.7259,2.3661
2020-05-08,7982.71,19562.55,0.4336,1.0298
2020-05-11,7967.28,19462.79,-0.1932,-0.5099
2020-05-12,7972.86,19416.84,0.07,-0.2361
2020-05-13,7845.09,19227.85,-1.6026,-0.9733
2020-05-14,7909.32,19160.42,0.8187,-0.3507
2020-05-15,7914.72,19211.18,0.0683,0.2649
2020-05-18,7945.14,19437.21,0.3844,1.1766
2020-05-19,7852.3,19553.88,-1.1686,0.6003
2020-05-20,7920.66,19752.52,0.8705,1.0159
2020-05-21,7800.72,19808.78,-1.5142,0.2848
2020-05-22,7951.09,19795.09,1.9277,-0.0691
2020-05-25,7996.56,19955.51,0.5718,0.8104
2020-05-26,7909.56,20327.45,-1.088,1.8638
2020-05-27,7956.18,20439.15,0.5895,0.5495
2020-05-28,7813.91,20607.68,-1.7882,0.8245
2020-05-29,7860.56,20948.57,0.5971,1.6542
2020-06-01,7836.79,20747.95,-0.3024,-0.9577
2020-06-02,7781.11,20649.4,-0.7105,-0.475
2020-06-03,7688.46,20922.01,-1.1907,1.3202
2020-06-04,7803.82,20887.32,1.5005,-0.1658
2020-06-05,7773.23,20514.38,-0.392,-1.7855
2020-06-08,7835.85,20859.73,0.8056,1.6834
2020-06-09,7784.06,20841.63,-0.6609,-0.0868
2020-06-10,7824.36,21207.28,0.5177,1.7544
2020-06-11,7844.68,21255.09,0.2598,0.2254
2020-06-12,7863.29,20958.57,0.2373,-1.395
2020-06-15,7741.29,20795.51,-1.5515,-0.778
2020-06-16,7830.64,20732.01,1.1542,-0.3054
2020-06-17,7788.15,20624.79,-0.5426,-0.5172
2020-06-18,7779.47,20982.03,-0.1114,1.7321
2020-06-19,7769.64,20823.34,-0.1263,-0.7563
2020-06-22,7774.91,21195.05,0.0678,1.7851
2020-06-23,7735.02,20951.09,-0.5131,-1.151
2020-06-24,7695.49,20984.35,-0.5111,0.1588
2020-06-25,7756.83,21201.93,0.7971,1.0369
2020-06-26,7670.71,21006.69,-1.1103,-0.9208
2020-06-29,7646.5,21156.78,-0.3156,0.7145
2020-06-30,7543.58,21034.64,-1.346,-0.5773
2020-07-01,7497.41,21239.04,-0.612,0.9717
2020-07-02,7543.98,21437.35,0.6211,0.9337
2020-07-03,7658.09,21378.26,1.5125,-0.2757
2020-07-06,7561.13,21132.2,-1.2661,-1.151
2020-07-07,7411.27,21041.59,-1.9819,-0.4288
2020-07-08,7382.91,21213.62,-0.3826,0.8176
2020-07-09,7387.24,21115.97,0.0586,-0.4603
2020-07-10,7380.77,20902.92,-0.0876,-1.009
2020-07-13,7466.97,20744.91,1.1679,-0.7559
2020-07-14,7376.33,20920.8,-1.2139,0.8479
2020-07-15,7425.87,20566.47,0.6716,-1.6937
2020-07-16,7498.68,20420.12,0.9805,-0.7116
2020-07-17,7470.82,20464.44,-0.3715,0.217
2020-07-20,7522.02,20561.74,0.6853,0.4755
2020-07-21,7520.91,20480.59,-0.0148,-0.3946
2020-07-22,7558.02,20462.49,0.4934,-0.0884
2020-07-23,7711.14,20588.62,2.0259,0.6164
2020-07-24,7635.9,20496.47,-0.9758,-0.4476
2020-07-27,7643.0,20768.96,0.093,1.3294
2020-07-28,7764.69,20692.92,1.5922,-0.3661
2020-07-29,7688.05,20479.47,-0.987,-1.0315
2020-07-30,7712.47,20957.42,0.3177,2.3338
2020-07-31,7761.29,20629.66,0.633,-1.5639
2020-08-03,7702.41,20507.14,-0.7586,-0.5939
2020-08-04,7635.85,20433.75,-0.8642,-0.3579
2020-08-05,7669.93,20579.23,0.4463,0.712
2020-08-06,7765.11,20693.28,1.2409,0.5542
2020-08-07,7601.3,20480.7,-2.1096,-1.0273
2020-08-10,7591.12,20517.01,-0.1339,0.1773
2020-08-11,7666.09,20532.03,0.9876,0.0732
2020-08-12,7673.43,20587.01,0.0958,0.2678
2020-08-13,7654.97,20611.07,-0.2405,0.1169
2020-08-14,7752.83,20599.96,1.2784,-0.0539
2020-08-17,7753.35,20599.22,0.0068,-0.0036
2020-08-18,7867.13,20377.15,1.4676,-1.0781
2020-08-19,8023.96,20143.55,1.9934,-1.1464
2020-08-20,7969.43,20299.61,-0.6796,0.7747
2020-08-21,8062.94,20020.8,1.1733,-1.3735
2020-08-24,7969.25,20082.43,-1.162,0.3078
2020-08-25,8177.95,20338.73,2.6189,1.2763
2020-08-26,8158.9,19852.81,-0.2329,-2.3891
2020-08-27,8169.49,19930.69,0.1298,0.3923
2020-08-28,8138.37,19767.11,-0.381,-0.8207
2020-08-31,8155.87,19586.78,0.2151,-0.9123
2020-09-01,8327.12,19889.74,2.0997,1.5467
2020-09-02,8390.71,19913.55,0.7637,0.1197
2020-09-03,8333.13,19915.38,-0.6862,0.0092
2020-09-04,8486.73,20094.35,1.8432,0.8987
2020-09-07,8509.14,20286.04,0.2641,0.954
2020-09-08,8563.61,20372.51,0.6402,0.4263
2020-09-09,8659.4,20483.95,1.1186,0.547
2020-09-10,8744.64,20523.15,0.9844,0.1914
2020-09-11,8723.69,20416.81,-0.2395,-0.5182
2020-09-14,8663.14,20095.21,-0.694,-1.5752
2020-09-15,8579.7,19912.17,-0.9631,-0.9109
2020-09-16,8535.25,20229.22,-0.5181,1.5922
2020-09-17,8523.87,20284.2,-0.1333,0.2718
2020-09-18,8552.91,20612.31,0.3407,1.6176
2020-09-21,8502.18,20572.63,-0.5931,-0.1925
2020-09-22,8495.65,20812.62,-0.0768,1.1665
2020-09-23,8624.66,20917.64,1.5185,0.5046
2020-09-24,8745.08,20961.08,1.3962,0.2077
2020-09-25,8731.97,21214.44,-0.1499,1.2087
2020-09-28,8782.3,21064.77,0.5764,-0.7055
2020-09-29,8882.17,21027.17,1.1372,-0.1785
2020-09-30,8853.4,21221.25,-0.3239,0.923
2020-10-01,8848.29,21310.16,-0.0577,0.419
2020-10-02,8916.26,21149.71,0.7681,-0.7529
2020-10-05,8957.57,21441.46,0.4633,1.3795
2020-10-06,8866.91,21544.36,-1.0121,0.4799
2020-10-07,8789.55,21770.88,-0.8724,1.0514
2020-10-08,8890.9,21700.27,1.1531,-0.3243
2020-10-09,9110.56,21946.92,2.4706,1.1366
2020-10-12,9185.05,22096.29,0.8176,0.6806
2020-10-13,9288.14,21882.92,1.1223,-0.9656
2020-10-14,9311.74,21973.34,0.2541,0.4132
2020-10-15,9274.48,22082.06,-0.4001,0.4948
2020-10-16,9403.85,21995.55,1.3949,-0.3918
2020-10-19,9401.98,21821.66,-0.0199,-0.7906
2020-10-20,9220.93,21998.18,-1.9257,0.8089
2020-10-21,9222.01,22015.25,0.0117,0.0776
2020-10-22,9125.6,21981.02,-1.0455,-0.1555
2020-10-23,9239.33,21987.79,1.2463,0.0308
2020-10-26,9245.99,22040.02,0.0721,0.2375
2020-10-27,9123.94,22184.36,-1.32,0.6549
2020-10-28,9001.61,21982.57,-1.3407,-0.9096
2020-10-29,8901.32,21950.65,-1.1141,-0.1452
2020-10-30,8870.37,21956.97,-0.3477,0.0288
2020-11-02,8785.59,22184.33,-0.9558,1.0355
2020-11-03,8869.71,22152.43,0.9574,-0.1438
2020-11-04,8826.59,22030.73,-0.4862,-0.5494
2020-11-05,8800.01,21728.85,-0.3012,-1.3702
2020-11-06,8710.64,21922.26,-1.0156,0.8901
2020-11-09,8743.04,22287.11,0.372,1.6643
2020-11-10,8717.76,22213.23,-0.2891,-0.3315
2020-11-11,8682.13,22149.0,-0.4087,-0.2892
2020-11-12,8622.57,22215.67,-0.6859,0.301
2020-11-13,8628.78,22109.05,0.072,-0.4799
2020-11-16,8750.99,22535.0,1.4163,1.9266
2020-11-17,8866.79,22667.53,1.3232,0.5881
2020-11-18,8944.64,23095.13,0.8779,1.8864
2020-11-19,9023.03,22966.91,0.8764,-0.5552
2020-11-20,9065.57,23117.63,0.4715,0.6562
2020-11-23,8970.0,23058.7,-1.0542,-0.2549
2020-11-24,9082.16,22645.14,1.2504,-1.7935
2020-11-25,8960.87,22611.99,-1.3355,-0.1464
2020-11-26,8999.32,22311.79,0.429,-1.3276
2020-11-27,8990.37,22575.91,-0.0995,1.1838
2020-11-30,9000.76,22794.69,0.1155,0.9691
2020-12-01,8945.74,22616.91,-0.6113,-0.7799
2020-12-02,9032.85,22707.21,0.9738,0.3993
2020-12-03,8918.66,22532.17,-1.2642,-0.7708
2020-12-04,9075.72,22330.61,1.761,-0.8946
2020-12-07,9172.63,22230.53,1.0678,-0.4482
2020-12-08,9175.98,22302.69,0.0365,0.3246
2020-12-09,8967.59,21983.16,-2.2711,-1.4327
2020-12-10,8979.69,21830.53,0.135,-0.6943
2020-12-11,9081.72,21486.45,1.1362,-1.5761
2020-12-14,9141.82,21197.19,0.6618,-1.3462
2020-12-15,9110.07,20977.93,-0.3473,-1.0344
2020-12-16,9304.36,20703.23,2.1327,-1.3095
2020-12-17,9295.59,20351.93,-0.0943,-1.6968
2020-12-18,9462.87,20439.7,1.7995,0.4313
2020-12-21,9480.91,20747.18,0.1907,1.5043
2020-12-22,9500.08,20798.96,0.2022,0.2496
2020-12-23,9517.65,20922.43,0.1849,0.5936
2020-12-24,9469.9,20883.87,-0.5017,-0.1843
2020-12-25,9558.1,20948.06,0.9314,0.3074
2020-12-28,9549.91,20660.96,-0.0857,-1.3705
2020-12-29,9711.1,20530.5,1.6879,-0.6315
2020-12-30,9820.44,20572.74,1.126,0.2058
2020-12-31,9684.64,20836.54,-1.3828,1.2823
2021-01-01,9715.63,21121.03,0.32,1.3653
2021-01-04,9700.02,21276.07,-0.1606,0.7341
2021-01-05,9515.84,21176.03,-1.8988,-0.4702
2021-01-06,9386.4,21103.02,-1.3603,-0.3448
2021-01-07,9438.87,20981.77,0.559,-0.5746
2021-01-08,9532.34,20808.33,0.9902,-0.8266
2021-01-11,9628.98,21087.11,1.0138,1.3398
2021-01-12,9740.18,21020.86,1.1549,-0.3142
2021-01-13,9516.35,21149.54,-2.298,0.6122
2021-01-14,9507.05,20948.96,-0.0978,-0.9484
2021-01-15,9452.68,21255.74,-0.5719,1.4644
2021-01-18,9338.2,21361.66,-1.2111,0.4983
2021-01-19,9364.32,21291.72,0.2798,-0.3274
2021-01-20,9434.46,21645.64,0.749,1.6622
2021-01-21,9407.52,21599.5,-0.2856,-0.2132
2021-01-22,9475.66,21804.32,0.7243,0.9482
2021-01-25,9466.14,21744.28,-0.1005,-0.2754
2021-01-26,9239.01,21581.63,-2.3994,-0.748
2021-01-27,9126.92,21735.86,-1.2132,0.7146
2021-01-28,9106.08,21680.86,-0.2283,-0.253
2021-01-29,9108.82,21498.7,0.03,-0.8402
2021-02-01,9268.09,21784.24,1.7486,1.3282
2021-02-02,9436.76,21939.65,1.8199,0.7134
2021-02-03,9437.47,22300.5,0.0076,1.6447
2021-02-04,9370.55,22112.91,-0.7091,-0.8412
2021-02-05,9312.3,22235.17,-0.6217,0.5529
2021-02-08,9237.96,22207.29,-0.7983,-0.1254
2021-02-09,9078.88,22320.79,-1.722,0.5111
2021-02-10,8931.0,22119.42,-1.6288,-0.9022
2021-02-11,9054.15,22387.14,1.3789,1.2103
2021-02-12,9095.05,22455.57,0.4517,0.3057
2021-02-15,9045.57,22288.75,-0.5441,-0.7429
2021-02-16,9013.14,21958.06,-0.3585,-1.4837
2021-02-17,9041.77,21975.37,0.3177,0.0788
2021-02-18,8952.55,22326.69,-0.9868,1.5987
2021-02-19,9015.9,22487.85,0.7076,0.7218
2021-02-22,8971.17,22494.3,-0.4961,0.0287
2021-02-23,9036.67,22535.42,0.7301,0.1828
2021-02-24,9199.52,22496.26,1.8021,-0.1738
2021-02-25,9152.14,22645.69,-0.515,0.6643
2021-02-26,9028.48,22861.8,-1.3511,0.9543
2021-03-01,8902.91,23014.65,-1.3908,0.6686
2021-03-02,8842.98,23131.24,-0.6731,0.5066
2021-03-03,8934.78,23173.67,1.0381,0.1834
2021-03-04,8820.45,22972.81,-1.2796,-0.8668
2021-03-05,8753.28,22544.37,-0.7615,-1.865
2021-03-08,8865.34,22575.96,1.2802,0.1401
2021-03-09,8758.15,22911.37,-1.2091,1.4857
2021-03-10,8694.09,22975.65,-0.7315,0.2806
2021-03-11,8618.64,22518.83,-0.8678,-1.9883
2021-03-12,8492.73,22424.59,-1.4609,-0.4185
2021-03-15,8580.05,22509.03,1.0281,0.3765
2021-03-16,8596.71,22063.34,0.1942,-1.98
2021-03-17,8720.25,22119.31,1.4371,0.2537
2021-03-18,8712.28,22376.43,-0.0914,1.1624
2021-03-19,8835.32,22641.5,1.4122,1.1846
2021-03-22,8814.84,22421.09,-0.2318,-0.9735
2021-03-23,8914.26,22121.76,1.1278,-1.3351
2021-03-24,9108.77,22134.59,2.182,0.058
2021-03-25,9006.12,21868.56,-1.127,-1.2019
2021-03-26,8883.15,21905.82,-1.3654,0.1704
2021-03-29,8886.08,21641.65,0.033,-1.2059
2021-03-30,8854.79,21352.1,-0.3521,-1.3379
2021-03-31,8915.73,21346.85,0.6882,-0.0246
2021-04-01,8882.19,21078.28,-0.3762,-1.2581
2021-04-02,8856.42,20997.19,-0.2902,-0.3847
2021-04-05,8890.92,21038.56,0.3895,0.197
2021-04-06,8971.94,20942.92,0.9113,-0.4546
2021-04-07,8791.92,21156.77,-2.0065,1.0211
2021-04-08,8704.91,20928.93,-0.9896,-1.0769
2021-04-09,8704.26,20998.47,-0.0074,0.3323
2021-04-12,8656.92,20891.65,-0.5439,-0.5087
2021-04-13,8623.15,21193.86,-0.3901,1.4465
2021-04-14,8626.35,20995.07,0.0371,-0.938
2021-04-15,8538.92,20948.7,-1.0136,-0.2209
2021-04-16,8564.68,21056.37,0.3016,0.514
2021-04-19,8579.8,20885.42,0.1766,-0.8119
2021-04-20,8543.22,21044.97,-0.4263,0.7639
2021-04-21,8438.93,20953.27,-1.2207,-0.4358
2021-04-22,8497.77,21142.96,0.6972,0.9053
2021-04-23,8483.14,21062.36,-0.1722,-0.3812
2021-04-26,8363.16,21179.39,-1.4143,0.5556
2021-04-27,8487.83,21729.03,1.4907,2.5952
2021-04-28,8527.31,21724.49,0.4651,-0.0209
2021-04-29,8444.44,21322.84,-0.9718,-1.8489
2021-04-30,8464.26,21830.4,0.2347,2.3803
2021-05-03,8585.97,22080.7,1.4379,1.1466
2021-05-04,8612.6,22166.71,0.3102,0.3895
2021-05-05,8386.42,22342.38,-2.6261,0.7925
2021-05-06,8336.33,22192.3,-0.5973,-0.6717
2021-05-07,8310.02,22119.73,-0.3156,-0.327
2021-05-10,8247.74,22129.43,-0.7494,0.0439
2021-05-11,8200.39,22158.27,-0.5741,0.1303
2021-05-12,8069.52,22117.49,-1.5959,-0.1841
2021-05-13,7975.44,21982.25,-1.1659,-0.6114
2021-05-14,7991.21,21636.25,0.1977,-1.574
2021-05-17,7922.11,21765.84,-0.8646,0.599
2021-05-18,7802.13,22159.34,-1.5145,1.8079
2021-05-19,7908.62,22056.4,1.3648,-0.4645
2021-05-20,7843.3,22107.56,-0.8259,0.2319
2021-05-21,7721.56,21671.57,-1.5522,-1.9721
2021-05-24,7685.63,21649.02,-0.4653,-0.104
2021-05-25,7696.69,21522.43,0.1439,-0.5847
2021-05-26,7807.63,21207.1,1.4413,-1.4651
2021-05-27,7712.99,21316.66,-1.2121,0.5166
2021-05-28,7617.52,21067.19,-1.2378,-1.1703
2021-05-31,7630.9,20851.56,0.1757,-1.0235
2021-06-01,7622.78,20711.88,-0.1064,-0.6699
2021-06-02,7553.58,20282.67,-0.9078,-2.0723
2021-06-03,7568.2,20035.79,0.1935,-1.2172
2021-06-04,7557.22,19939.2,-0.1451,-0.4821
2021-06-07,7543.08,19915.34,-0.1872,-0.1197
2021-06-08,7562.16,19776.38,0.253,-0.6978
2021-06-09,7668.56,19416.96,1.407,-1.8174
2021-06-10,7652.51,19585.16,-0.2093,0.8662
2021-06-11,7695.7,19400.11,0.5644,-0.9448
2021-06-14,7630.36,19210.61,-0.8491,-0.9768
2021-06-15,7683.71,19074.23,0.6992,-0.7099
2021-06-16,7708.35,19130.37,0.3206,0.2943
2021-06-17,7912.25,19196.04,2.6452,0.3433
2021-06-18,7844.82,18921.51,-0.8523,-1.4302
2021-06-21,7824.15,18904.65,-0.2634,-0.0891
2021-06-22,7637.01,18775.37,-2.3918,-0.6839
2021-06-23,7665.04,18681.05,0.3671,-0.5024
2021-06-24,7749.78,18395.54,1.1055,-1.5284
2021-06-25,7810.58,18569.17,0.7846,0.9439
2021-06-28,7895.88,18283.97,1.0921,-1.5359
2021-06-29,7926.36,18167.18,0.386,-0.6388
2021-06-30,7806.93,18097.44,-1.5068,-0.3839
2021-07-01,7732.34,18269.5,-0.9555,0.9508
2021-07-02,7779.07,18064.44,0.6044,-1.1224
2021-07-05,7720.21,18001.09,-0.7566,-0.3507
2021-07-06,7717.15,18187.65,-0.0396,1.0364
2021-07-07,7778.88,18202.45,0.7999,0.0814
2021-07-08,7759.69,17885.12,-0.2467,-1.7434
2021-07-09,7873.07,17810.52,1.4612,-0.4171
2021-07-12,8010.87,17850.79,1.7503,0.2261
2021-07-13,8192.54,17964.38,2.2678,0.6363
2021-07-14,8066.77,17859.39,-1.5352,-0.5844
2021-07-15,8054.99,17708.7,-0.146,-0.8438
2021-07-16,8024.8,17471.95,-0.3748,-1.3369
2021-07-19,8028.51,17518.67,0.0463,0.2674
2021-07-20,7943.04,17863.83,-1.0645,1.9703
2021-07-21,7951.77,17723.29,0.1099,-0.7867
2021-07-22,7812.42,17739.23,-1.7525,0.0899
2021-07-23,7793.16,17883.46,-0.2465,0.813
2021-07-26,7783.99,17675.35,-0.1177,-1.1637
2021-07-27,7930.16,17757.65,1.8778,0.4656
2021-07-28,7911.17,17792.21,-0.2395,0.1946
2021-07-29,7955.59,17543.32,0.5614,-1.3989
2021-07-30,7972.57,17469.62,0.2135,-0.4201
2021-08-02,8020.25,17345.55,0.598,-0.7102
2021-08-03,7970.11,17639.19,-0.6252,1.6929
2021-08-04,8081.21,17063.17,1.394,-3.2656
2021-08-05,8187.27,17055.72,1.3124,-0.0437
2021-08-06,8126.77,16889.06,-0.739,-0.9772
2021-08-09,8045.17,16779.29,-1.004,-0.6499
2021-08-10,7948.64,16557.03,-1.1998,-1.3246
2021-08-11,7860.85,16615.54,-1.1044,0.3534
2021-08-12,7868.33,16712.88,0.0951,0.5859
2021-08-13,7865.73,16499.51,-0.033,-1.2767
2021-08-16,7911.66,16338.69,0.5839,-0.9747
2021-08-17,7971.1,16153.1,0.7513,-1.1359
2021-08-18,7914.01,16099.57,-0.7162,-0.3314
2021-08-19,7975.89,16132.73,0.7818,0.206
2021-08-20,7980.84,16441.78,0.062,1.9157
2021-08-23,7822.76,16275.98,-1.9807,-1.0084
2021-08-24,7732.85,15992.67,-1.1493,-1.7407
2021-08-25,7674.74,16107.46,-0.7515,0.7178
2021-08-26,7627.86,16058.65,-0.6108,-0.303
2021-08-27,7486.38,15935.56,-1.8548,-0.7665
2021-08-30,7451.35,16042.71,-0.4679,0.6724
2021-08-31,7317.05,15974.53,-1.8024,-0.425
2021-09-01,7407.45,15908.22,1.2355,-0.4151
2021-09-02,7238.03,16116.49,-2.2871,1.3092
2021-09-03,7299.44,16261.44,0.8484,0.8994
2021-09-06,7162.34,16512.27,-1.8782,1.5425
2021-09-07,7104.28,16433.1,-0.8106,-0.4794
2021-09-08,7052.2,16593.64,-0.7331,0.9769
2021-09-09,7041.07,16678.56,-0.1578,0.5117
2021-09-10,7049.77,16667.71,0.1235,-0.065
2021-09-13,6979.17,16974.75,-1.0015,1.8421
2021-09-14,6869.62,17049.82,-1.5697,0.4423
2021-09-15,6900.83,17251.75,0.4543,1.1844
2021-09-16,7008.96,17233.22,1.5669,-0.1074
2021-09-17,7052.66,17542.53,0.6234,1.7949
2021-09-20,7050.42,17360.71,-0.0317,-1.0364
2021-09-21,7023.42,17139.42,-0.3829,-1.2746
2021-09-22,7054.96,17327.0,0.449,1.0945
2021-09-23,7048.39,17051.33,-0.0931,-1.591
2021-09-24,7130.42,16753.56,1.1638,-1.7463
2021-09-27,7012.02,16728.71,-1.6606,-0.1483
2021-09-28,7034.25,16804.37,0.317,0.4522
2021-09-29,7031.95,17105.18,-0.0328,1.79
2021-09-30,7039.8,17287.29,0.1117,1.0647
2021-10-01,7103.56,17068.97,0.9057,-1.2629
2021-10-04,7093.14,17436.52,-0.1467,2.1533
2021-10-05,7056.63,17324.12,-0.5148,-0.6446
2021-10-06,7072.69,17248.15,0.2276,-0.4385
2021-10-07,7013.77,17169.97,-0.8331,-0.4533
2021-10-08,7127.06,17151.66,1.6152,-0.1066
2021-10-11,7025.79,16897.52,-1.4209,-1.4817
2021-10-12,7199.15,16864.85,2.4675,-0.1933
2021-10-13,7236.44,16739.82,0.518,-0.7414
2021-10-14,7264.89,16989.13,0.3931,1.4893
2021-10-15,7215.67,17072.14,-0.6775,0.4886
2021-10-18,7106.98,17422.61,-1.5063,2.0529
2021-10-19,7130.82,17355.92,0.3354,-0.3828
2021-10-20,7110.31,17272.6,-0.2877,-0.48
2021-10-21,7077.26,16855.04,-0.4648,-2.4175
2021-10-22,7072.46,16836.52,-0.0678,-0.1099
2021-10-25,7113.31,16753.49,0.5775,-0.4931
2021-10-26,7055.82,16757.21,-0.8081,0.0222
2021-10-27,6933.5,16786.27,-1.7336,0.1734
2021-10-28,6794.28,16979.45,-2.008,1.1508
2021-10-29,6848.14,16827.28,0.7927,-0.8962
2021-11-01,6900.68,16851.09,0.7673,0.1415
2021-11-02,6826.85,16515.27,-1.0699,-1.9929
2021-11-03,6853.34,16389.05,0.3881,-0.7643
2021-11-04,6938.63,16396.27,1.2445,0.044
2021-11-05,6888.01,16695.97,-0.7295,1.8278
2021-11-08,6934.44,16090.73,0.6741,-3.6251
2021-11-09,6900.11,15872.85,-0.495,-1.3541
2021-11-10,6842.16,15854.64,-0.8398,-0.1147
2021-11-11,6871.54,15900.83,0.4295,0.2914
2021-11-12,6955.76,16006.82,1.2257,0.6666
2021-11-15,7002.52,16043.87,0.6722,0.2315
2021-11-16,7104.44,15997.94,1.4555,-0.2863
2021-11-17,7084.59,15697.89,-0.2793,-1.8756
2021-11-18,7169.73,15690.52,1.2018,-0.0469
2021-11-19,7403.96,15631.6,3.267,-0.3755
2021-11-22,7414.14,15721.72,0.1374,0.5765
2021-11-23,7327.24,15782.81,-1.1721,0.3885
2021-11-24,7332.96,15739.61,0.0781,-0.2737
2021-11-25,7430.48,15602.09,1.3299,-0.8737
2021-11-26,7455.92,15833.73,0.3424,1.4847
2021-11-29,7400.95,15791.47,-0.7373,-0.2669
2021-11-30,7594.84,15871.12,2.6198,0.5044
2021-12-01,7555.59,16003.27,-0.5168,0.8326
2021-12-02,7511.4,15757.63,-0.5849,-1.5349
2021-12-03,7627.8,15588.54,1.5496,-1.0731
2021-12-06,7836.56,15516.94,2.7369,-0.4593
2021-12-07,8023.59,15309.22,2.3866,-1.3387
2021-12-08,8117.31,15390.32,1.168,0.5297
2021-12-09,8195.36,15543.92,0.9615,0.998
2021-12-10,8153.77,15345.14,-0.5075,-1.2788
2021-12-13,8152.46,15383.97,-0.016,0.253
2021-12-14,8113.41,15431.28,-0.479,0.3076
2021-12-15,8146.07,15295.48,0.4026,-0.88
2021-12-16,8184.72,15259.2,0.4745,-0.2372
2021-12-17,8124.97,15383.92,-0.73,0.8174
2021-12-20,8058.78,15318.28,-0.8147,-0.4267
2021-12-21,8068.39,15533.4,0.1193,1.4043
2021-12-22,8088.73,15620.12,0.2521,0.5583
2021-12-23,8065.48,15612.55,-0.2874,-0.0485
2021-12-24,8064.37,15663.03,-0.0138,0.3233
2021-12-27,8041.34,15877.61,-0.2856,1.37
2021-12-28,8011.55,15611.3,-0.3705,-1.6772
2021-12-29,8256.47,15564.88,3.0571,-0.2974
2021-12-30,8379.04,15788.2,1.4845,1.4348
2021-12-31,8469.51,15761.67,1.0797,-0.168
2022-01-03,8499.61,15565.51,0.3554,-1.2445
2022-01-04,8689.08,15437.59,2.2292,-0.8218
2022-01-05,8668.29,15457.5,-0.2393,0.129
2022-01-06,8661.51,15360.6,-0.0782,-0.6269
2022-01-07,8797.82,15511.18,1.5738,0.9803
2022-01-10,8832.51,15453.86,0.3943,-0.3696
2022-01-11,8939.45,15386.72,1.2107,-0.4345
2022-01-12,9097.45,15408.45,1.7674,0.1412
2022-01-13,9224.16,15395.53,1.3928,-0.0838
2022-01-14,9235.11,15588.81,0.1187,1.2554
2022-01-17,9461.68,15836.73,2.4533,1.5904
2022-01-18,9556.76,15934.8,1.0048,0.6193
2022-01-19,9507.29,15986.62,-0.5176,0.3252
2022-01-20,9415.61,16051.49,-0.9644,0.4058
2022-01-21,9464.95,15741.56,0.5241,-1.9308
2022-01-24,9472.77,15811.59,0.0826,0.4449
2022-01-25,9467.84,15872.95,-0.0521,0.388
2022-01-26,9331.89,15754.56,-1.4359,-0.7459
2022-01-27,9441.86,15759.38,1.1784,0.0306
2022-01-28,9480.94,15677.98,0.4139,-0.5165
2022-01-31,9486.77,15321.77,0.0614,-2.272
2022-02-01,9578.85,15603.37,0.9706,1.8379
2022-02-02,9470.46,15461.33,-1.1315,-0.9103
2022-02-03,9520.18,15693.85,0.525,1.5039
2022-02-04,9523.77,15505.63,0.0377,-1.1993
2022-02-07,9505.72,15350.58,-0.1895,-0.9999
2022-02-08,9439.59,15308.51,-0.6957,-0.274
2022-02-09,9346.87,15194.02,-0.9823,-0.7479
2022-02-10,9358.27,15231.25,0.122,0.245
2022-02-11,9215.43,15296.19,-1.5264,0.4264
2022-02-14,9180.4,15410.95,-0.3801,0.7503
2022-02-15,9262.89,15331.65,0.8985,-0.5145
2022-02-16,9329.17,15207.93,0.7156,-0.807
2022-02-17,9468.75,15090.96,1.4961,-0.7691
2022-02-18,9509.28,15067.18,0.428,-0.1576
2022-02-21,9406.71,15207.44,-1.0786,0.9309
2022-02-22,9346.93,14953.46,-0.6355,-1.6701
2022-02-23,9054.35,14827.1,-3.1302,-0.845
2022-02-24,9195.01,15018.03,1.5535,1.2877
2022-02-25,9126.01,14966.3,-0.7505,-0.3445
2022-02-28,9082.99,14771.22,-0.4714,-1.3034
2022-03-01,8991.82,14920.58,-1.0037,1.0111
2022-03-02,9045.26,14965.8,0.5943,0.3031
2022-03-03,8916.03,14985.36,-1.4287,0.1307
2022-03-04,8693.64,15116.15,-2.4942,0.8728
2022-03-07,8721.84,14917.34,0.3244,-1.3152
2022-03-08,8880.41,14653.88,1.8181,-1.7662
2022-03-09,8935.76,14739.63,0.6233,0.5852
2022-03-10,8817.48,14738.47,-1.3236,-0.0079
2022-03-11,8662.25,14323.38,-1.7605,-2.8164
2022-03-14,8563.96,14239.36,-1.1347,-0.5866
2022-03-15,8628.08,14253.23,0.7487,0.0974
2022-03-16,8640.41,14112.92,0.1429,-0.9844
2022-03-17,8593.49,13985.91,-0.543,-0.8999
2022-03-18,8481.13,13907.07,-1.3075,-0.5637
2022-03-21,8491.47,13831.6,0.122,-0.5426
2022-03-22,8464.65,13931.87,-0.3159,0.7249
2022-03-23,8421.41,13750.2,-0.5108,-1.304
2022-03-24,8476.97,13790.88,0.6598,0.2958
2022-03-25,8511.01,13881.33,0.4015,0.6558
2022-03-28,8557.17,13889.48,0.5423,0.0587
2022-03-29,8785.7,13715.17,2.6706,-1.255
2022-03-30,8732.54,13851.96,-0.6051,0.9973
2022-03-31,8749.73,13961.1,0.1968,0.7879
2022-04-01,8769.57,14157.12,0.2267,1.4041
2022-04-04,8675.89,14351.42,-1.0683,1.3725
2022-04-05,8791.11,14182.03,1.3281,-1.1803
2022-04-06,8855.61,14180.18,0.7337,-0.013
2022-04-07,8800.06,13916.62,-0.6272,-1.8586
2022-04-08,8705.73,14019.34,-1.0719,0.7381
2022-04-11,8787.15,13994.01,0.9352,-0.1807
2022-04-12,8869.63,14130.49,0.9387,0.9753
2022-04-13,8888.27,14032.66,0.2101,-0.6923
2022-04-14,8934.95,14105.21,0.5252,0.517
2022-04-15,9004.76,14231.51,0.7813,0.8954
2022-04-18,8873.44,14163.21,-1.4584,-0.4799
2022-04-19,8691.67,14273.26,-2.0485,0.777
2022-04-20,8674.85,14339.03,-0.1935,0.4608
2022-04-21,8537.51,14544.22,-1.5832,1.431
2022-04-22,8428.76,14661.24,-1.2738,0.8046
2022-04-25,8443.07,14637.86,0.1697,-0.1594
2022-04-26,8421.36,14548.85,-0.2572,-0.6081
2022-04-27,8544.71,14555.05,1.4647,0.0426
2022-04-28,8428.83,14503.53,-1.3561,-0.354
2022-04-29,8444.1,14638.09,0.1812,0.9278
2022-05-02,8391.32,14563.76,-0.6251,-0.5078
2022-05-03,8396.84,14695.33,0.0658,0.9034
2022-05-04,8273.77,14774.0,-1.4656,0.5354
2022-05-05,8234.84,14730.5,-0.4705,-0.2944
2022-05-06,8419.44,14705.98,2.2417,-0.1665
2022-05-09,8492.7,14816.12,0.8702,0.7489
2022-05-10,8385.86,14547.15,-1.258,-1.8154
2022-05-11,8464.95,14393.89,0.9431,-1.0535
2022-05-12,8313.38,14545.91,-1.7906,1.0562
2022-05-13,8223.48,14437.9,-1.0814,-0.7425
2022-05-16,8405.37,14202.6,2.2118,-1.6297
2022-05-17,8292.58,14141.57,-1.3419,-0.4297
2022-05-18,8273.98,14019.42,-0.2243,-0.8637
2022-05-19,8171.84,14235.32,-1.2345,1.54
2022-05-20,8198.75,14322.89,0.3293,0.6152
2022-05-23,8189.65,14368.65,-0.1109,0.3195
2022-05-24,8276.97,14229.81,1.0662,-0.9663
2022-05-25,8304.39,14333.12,0.3313,0.726
2022-05-26,8448.83,14616.61,1.7393,1.9779
2022-05-27,8458.7,14787.43,0.1168,1.1686
2022-05-30,8213.64,15021.41,-2.8972,1.5823
2022-05-31,8151.34,14989.7,-0.7585,-0.2111
2022-06-01,8194.15,14971.2,0.5252,-0.1234
2022-06-02,8215.14,15213.39,0.2561,1.6177
2022-06-03,8183.71,15052.6,-0.3826,-1.0569
2022-06-06,8350.23,15136.41,2.0348,0.5568
2022-06-07,8530.13,15271.67,2.1545,0.8936
2022-06-08,8409.35,15374.81,-1.416,0.6754
2022-06-09,8321.7,15380.57,-1.0423,0.0374
2022-06-10,8318.1,15136.38,-0.0433,-1.5877
2022-06-13,8247.06,15474.71,-0.8541,2.2352
2022-06-14,8271.98,15452.18,0.3022,-0.1456
2022-06-15,8440.25,15395.59,2.0342,-0.3662
2022-06-16,8435.14,15552.75,-0.0606,1.0208
2022-06-17,8401.33,15441.31,-0.4008,-0.7165
2022-06-20,8196.41,15301.33,-2.4391,-0.9065
2022-06-21,8114.39,15330.18,-1.0006,0.1886
2022-06-22,8063.15,15665.61,-0.6315,2.188
2022-06-23,7972.57,15889.73,-1.1234,1.4306
2022-06-24,7995.03,16022.69,0.2817,0.8368
2022-06-27,8063.84,15672.08,0.8606,-2.1882
2022-06-28,8066.04,15635.69,0.0273,-0.2322
2022-06-29,7968.74,15712.25,-1.2063,0.4896
2022-06-30,8122.39,15296.97,1.9282,-2.643
2022-07-01,8077.89,15110.99,-0.5479,-1.2158
2022-07-04,8087.5,15066.32,0.119,-0.2956
2022-07-05,8036.85,15174.72,-0.6262,0.7195
2022-07-06,8184.71,15583.12,1.8398,2.6913
2022-07-07,8121.39,15304.05,-0.7736,-1.7909
2022-07-08,8174.59,15555.11,0.6551,1.6405
2022-07-11,8251.03,15809.65,0.9351,1.6363
2022-07-12,8233.86,15718.02,-0.208,-0.5796
2022-07-13,8247.61,15670.78,0.167,-0.3006
2022-07-14,8311.07,15827.45,0.7694,0.9998
2022-07-15,8410.21,15913.01,1.1929,0.5406
2022-07-18,8436.32,16044.2,0.3104,0.8244
2022-07-19,8257.53,16082.8,-2.1193,0.2406
2022-07-20,8265.6,16121.89,0.0977,0.2431
2022-07-21,8260.94,16196.35,-0.0564,0.4619
2022-07-22,8212.03,16384.15,-0.5921,1.1595
2022-07-25,8258.1,16413.75,0.561,0.1807
2022-07-26,8198.04,16552.5,-0.7273,0.8453
2022-07-27,8219.96,16432.41,0.2673,-0.7255
2022-07-28,8218.12,16540.71,-0.0223,0.6591
2022-07-29,8271.27,16626.23,0.6467,0.517
2022-08-01,8283.0,16801.77,0.1418,1.0558
2022-08-02,8399.09,16930.69,1.4016,0.7673
2022-08-03,8348.18,16756.63,-0.6062,-1.0281
2022-08-04,8301.57,17089.02,-0.5583,1.9837
2022-08-05,8330.61,17457.53,0.3499,2.1564
2022-08-08,8322.93,17417.58,-0.0922,-0.2288
2022-08-09,8319.48,17406.75,-0.0415,-0.0622
2022-08-10,8252.01,17211.99,-0.811,-1.1188
2022-08-11,8300.82,17398.72,0.5915,1.0849
2022-08-12,8527.39,17328.48,2.7295,-0.4037
2022-08-15,8497.72,17200.04,-0.3479,-0.7412
2022-08-16,8606.35,17345.38,1.2783,0.845
2022-08-17,8526.77,17194.09,-0.9246,-0.8722
2022-08-18,8619.52,17265.14,1.0878,0.4132
2022-08-19,8694.87,17117.91,0.8742,-0.8528
2022-08-22,8518.76,16973.27,-2.0255,-0.845
2022-08-23,8586.62,17336.68,0.7965,2.1411
2022-08-24,8549.49,17736.44,-0.4324,2.3059
2022-08-25,8630.95,17494.69,0.9528,-1.363
2022-08-26,8654.72,17651.09,0.2754,0.894
2022-08-29,8427.27,17770.14,-2.628,0.6745
2022-08-30,8539.35,17846.35,1.33,0.4289
2022-08-31,8536.97,17820.84,-0.0279,-0.1429
2022-09-01,8518.66,17616.62,-0.2145,-1.146
2022-09-02,8457.64,17548.52,-0.7163,-0.3866
2022-09-05,8471.58,17456.07,0.1648,-0.5268
2022-09-06,8393.98,17593.93,-0.916,0.7898
2022-09-07,8431.56,17504.34,0.4477,-0.5092
2022-09-08,8481.89,17430.27,0.5969,-0.4232
2022-09-09,8491.17,17605.45,0.1094,1.005
2022-09-12,8438.18,17404.32,-0.6241,-1.1424
2022-09-13,8428.08,17172.24,-0.1196,-1.3335
2022-09-14,8405.73,17129.2,-0.2652,-0.2506
2022-09-15,8181.29,17225.23,-2.6701,0.5606
2022-09-16,8168.12,17433.98,-0.161,1.2119
2022-09-19,8190.75,17567.46,0.2771,0.7656
2022-09-20,8301.25,17549.59,1.349,-0.1017
2022-09-21,8304.5,17278.7,0.0391,-1.5435
2022-09-22,8421.05,17258.71,1.4035,-0.1157
2022-09-23,8331.26,17391.55,-1.0663,0.7697
2022-09-26,8134.83,17322.11,-2.3578,-0.3993
2022-09-27,8219.36,17251.48,1.0391,-0.4077
2022-09-28,8157.74,17184.86,-0.7497,-0.3862
2022-09-29,7980.64,17312.97,-2.1709,0.7455
2022-09-30,7973.04,17271.02,-0.0952,-0.2423
2022-10-03,7952.67,17278.63,-0.2555,0.0441
2022-10-04,8013.01,17274.82,0.7588,-0.0221
2022-10-05,7896.2,17379.42,-1.4578,0.6055
2022-10-06,7942.66,17420.35,0.5884,0.2355
2022-10-07,8039.78,17430.87,1.2228,0.0604
2022-10-10,8141.28,17681.39,1.2625,1.4372
2022-10-11,8196.69,17554.45,0.6805,-0.7179
2022-10-12,8188.18,17777.19,-0.1039,1.2689
2022-10-13,8056.56,17712.84,-1.6074,-0.362
2022-10-14,8029.39,17564.9,-0.3373,-0.8352
2022-10-17,8109.7,17636.36,1.0002,0.4068
2022-10-18,8049.51,17748.44,-0.7422,0.6355
2022-10-19,8038.7,17595.77,-0.1343,-0.8602
2022-10-20,7978.88,17677.78,-0.7442,0.4661
2022-10-21,8064.49,17597.03,1.0729,-0.4568
2022-10-24,8116.01,17880.65,0.6389,1.6118
2022-10-25,8006.87,17949.61,-1.3448,0.3857
2022-10-26,8083.23,17937.92,0.9537,-0.0651
2022-10-27,8196.57,18337.73,1.4021,2.2288
2022-10-28,8230.81,18300.4,0.4177,-0.2036
2022-10-31,8322.56,18459.99,1.1147,0.8721
2022-11-01,8095.29,18465.02,-2.7307,0.0273
2022-11-02,8063.39,18543.81,-0.3941,0.4267
2022-11-03,8049.44,18533.58,-0.173,-0.0552
2022-11-04,7976.23,18675.27,-0.9095,0.7645
2022-11-07,8124.63,18522.57,1.8605,-0.8177
2022-11-08,8003.02,18531.83,-1.4968,0.05
2022-11-09,8003.7,18754.38,0.0085,1.2009
2022-11-10,7898.68,18659.12,-1.3121,-0.508
2022-11-11,7715.24,18921.28,-2.3225,1.405
2022-11-14,7739.59,18839.27,0.3156,-0.4334
2022-11-15,7630.11,18613.11,-1.4145,-1.2005
2022-11-16,7667.93,18412.57,0.4957,-1.0774
2022-11-17,7679.77,18794.25,0.1544,2.0729
2022-11-18,7653.48,18619.19,-0.3423,-0.9314
2022-11-21,7688.7,18396.54,0.4602,-1.1958
2022-11-22,7837.24,18660.28,1.932,1.4336
2022-11-23,7826.22,18498.44,-0.1406,-0.8673
2022-11-24,7792.7,18449.3,-0.4283,-0.2657
2022-11-25,7828.7,18646.64,0.4619,1.0696
2022-11-28,7742.57,18840.73,-1.1002,1.0409
2022-11-29,7798.27,18750.71,0.7195,-0.4778
2022-11-30,7708.17,18778.13,-1.1554,0.1462
2022-12-01,7621.41,18975.99,-1.1255,1.0537
2022-12-02,7530.24,19085.62,-1.1963,0.5777
2022-12-05,7526.57,18984.35,-0.0487,-0.5306
2022-12-06,7521.07,19195.07,-0.0731,1.11
2022-12-07,7425.44,19121.71,-1.2715,-0.3822
2022-12-08,7367.01,19120.06,-0.7869,-0.0086
2022-12-09,7314.47,18787.74,-0.7131,-1.7381
2022-12-12,7232.5,19101.07,-1.1207,1.6678
2022-12-13,7255.02,19147.36,0.3114,0.2424
2022-12-14,7235.37,19143.22,-0.2709,-0.0216
2022-12-15,7204.06,19249.83,-0.4328,0.5569
2022-12-16,7214.93,19030.14,0.1509,-1.1413
2022-12-19,7237.95,18567.95,0.3191,-2.4287
2022-12-20,7273.8,18311.83,0.4952,-1.3794
2022-12-21,7269.02,18098.57,-0.0657,-1.1646
2022-12-22,7272.15,18208.66,0.0431,0.6083
2022-12-23,7395.28,17933.46,1.6931,-1.5114
2022-12-26,7477.59,17962.36,1.113,0.1612
2022-12-27,7443.51,18104.24,-0.4557,0.7899
2022-12-28,7427.17,18239.57,-0.2195,0.7475
2022-12-29,7349.07,18129.59,-1.0515,-0.603
2022-12-30,7428.29,18404.33,1.078,1.5154
2023-01-02,7428.4,17896.87,0.0015,-2.7573
2023-01-03,7415.11,17908.04,-0.179,0.0624
2023-01-04,7399.09,17973.64,-0.2161,0.3663
2023-01-05,7363.23,18129.81,-0.4846,0.8689
2023-01-06,7271.68,18359.49,-1.2434,1.2668
2023-01-09,7398.58,18197.36,1.7451,-0.8831
2023-01-10,7327.19,18277.55,-0.965,0.4407
2023-01-11,7234.43,18193.0,-1.2659,-0.4626
2023-01-12,7325.06,18332.65,1.2528,0.7676
2023-01-13,7487.55,18369.46,2.2182,0.2008
2023-01-16,7440.23,18384.38,-0.6319,0.0812
2023-01-17,7430.88,18364.79,-0.1256,-0.1066
2023-01-18,7431.91,18199.18,0.0138,-0.9018
2023-01-19,7457.95,17948.27,0.3504,-1.3787
2023-01-20,7402.13,17932.32,-0.7485,-0.0889
2023-01-23,7221.11,18075.6,-2.4455,0.799
2023-01-24,7060.91,18202.05,-2.2185,0.6996
2023-01-25,6963.32,18133.81,-1.3821,-0.3749
2023-01-26,7005.87,18537.86,0.611,2.2281
2023-01-27,7017.65,18175.88,0.1681,-1.9526
2023-01-30,7094.08,18139.18,1.0891,-0.2019
2023-01-31,7102.37,18245.81,0.1169,0.5879
2023-02-01,6931.35,18252.48,-2.4079,0.0365
2023-02-02,6902.89,18480.97,-0.4107,1.2518
2023-02-03,6960.86,18185.83,0.8398,-1.597
2023-02-06,7060.32,18273.04,1.4289,0.4795
2023-02-07,6942.98,18288.71,-1.662,0.0858
2023-02-08,7024.79,18072.16,1.1783,-1.184
2023-02-09,7134.05,17804.22,1.5553,-1.4826
2023-02-10,7074.81,17641.69,-0.8303,-0.9129
2023-02-13,7184.8,17560.36,1.5546,-0.461
2023-02-14,7095.77,17643.81,-1.2391,0.4752
2023-02-15,7150.22,17766.88,0.7673,0.6975
2023-02-16,7131.74,17817.43,-0.2585,0.2845
2023-02-17,7083.58,18121.18,-0.6753,1.7048
2023-02-20,7175.57,18322.86,1.2986,1.113
2023-02-21,7241.12,18423.59,0.9135,0.5497
2023-02-22,7144.9,18545.79,-1.3288,0.6633
2023-02-23,7156.74,18785.65,0.1657,1.2934
2023-02-24,7223.17,18894.68,0.9282,0.5804
2023-02-27,7092.24,18883.53,-1.8126,-0.059
2023-02-28,7051.55,18936.85,-0.5737,0.2824
2023-03-01,7022.14,18890.28,-0.4171,-0.2459
2023-03-02,7060.41,18814.31,0.5449,-0.4021
2023-03-03,7072.68,18534.09,0.1738,-1.4894
2023-03-06,7010.75,18661.24,-0.8756,0.686
2023-03-07,6918.68,18899.31,-1.3132,1.2757
2023-03-08,6995.6,18854.29,1.1118,-0.2382
2023-03-09,7229.16,19094.32,3.3386,1.2731
2023-03-10,7156.56,19242.53,-1.0042,0.7762
2023-03-13,7164.61,19098.84,0.1124,-0.7467
2023-03-14,7083.16,19294.58,-1.1369,1.0249
2023-03-15,7039.4,19280.71,-0.6177,-0.0719
2023-03-16,6970.9,19142.24,-0.9731,-0.7182
2023-03-17,6963.96,19222.29,-0.0996,0.4182
2023-03-20,6768.47,19231.31,-2.8072,0.0469
2023-03-21,6715.63,19506.77,-0.7807,1.4324
2023-03-22,6935.7,19442.54,3.277,-0.3293
2023-03-23,6807.08,19471.1,-1.8545,0.1469
2023-03-24,6794.42,19860.78,-0.186,2.0014
2023-03-27,6921.7,20038.61,1.8732,0.8954
2023-03-28,6879.8,20180.44,-0.6054,0.7078
2023-03-29,6902.61,20235.19,0.3315,0.2713
2023-03-30,6787.06,20456.12,-1.6741,1.0918
2023-03-31,6797.82,20441.63,0.1586,-0.0708
2023-04-03,6755.66,20285.53,-0.6202,-0.7636
2023-04-04,6781.94,19936.79,0.389,-1.7192
2023-04-05,6843.55,19732.62,0.9084,-1.0241
2023-04-06,6691.31,20098.05,-2.2245,1.8519
2023-04-07,6630.83,19958.94,-0.9039,-0.6922
2023-04-10,6716.23,20335.05,1.288,1.8844
2023-04-11,6605.66,20146.71,-1.6463,-0.9262
2023-04-12,6544.16,20341.09,-0.9309,0.9648
2023-04-13,6664.77,20127.46,1.843,-1.0503
2023-04-14,6771.15,19990.79,1.5962,-0.679
2023-04-17,6798.89,19742.61,0.4097,-1.2415
2023-04-18,6792.49,19726.6,-0.0941,-0.0811
2023-04-19,6771.66,19808.46,-0.3067,0.415
2023-04-20,6699.36,19639.35,-1.0677,-0.8537
2023-04-21,6734.31,19908.81,0.5217,1.372
2023-04-24,6735.31,20015.06,0.0149,0.5337
2023-04-25,6794.17,20187.29,0.8739,0.8605
2023-04-26,6725.63,20036.49,-1.0089,-0.747
2023-04-27,6677.27,20428.93,-0.7191,1.9586
2023-04-28,6717.27,20529.71,0.599,0.4933
2023-05-01,6747.02,20264.71,0.4429,-1.2908
2023-05-02,6893.57,20367.9,2.172,0.5092
2023-05-03,6951.16,20014.41,0.8355,-1.7355
2023-05-04,7013.55,19949.12,0.8976,-0.3262
2023-05-05,6914.3,19764.84,-1.4151,-0.9238
2023-05-08,6820.86,19517.43,-1.3514,-1.2518
2023-05-09,6828.13,19447.8,0.1066,-0.3568
2023-05-10,6855.95,19779.57,0.4075,1.706
2023-05-11,6848.93,19341.47,-0.1025,-2.2149
2023-05-12,6833.44,19578.09,-0.2262,1.2234
2023-05-15,6829.71,19883.38,-0.0545,1.5593
2023-05-16,6866.47,19523.83,0.5382,-1.8083
2023-05-17,6877.49,19587.67,0.1605,0.327
2023-05-18,6961.97,19949.97,1.2284,1.8496
2023-05-19,7034.27,20043.83,1.0385,0.4705
2023-05-22,7089.41,20016.17,0.7838,-0.138
2023-05-23,6978.17,20030.48,-1.5692,0.0715
2023-05-24,7009.0,19795.39,0.4418,-1.1737
2023-05-25,7114.08,20000.35,1.4993,1.0354
2023-05-26,7009.58,20279.52,-1.4689,1.3958
2023-05-29,6988.61,20127.73,-0.2991,-0.7485
2023-05-30,7074.37,20123.49,1.2272,-0.0211
2023-05-31,7224.99,19957.9,2.1291,-0.8229
2023-06-01,7090.26,19907.92,-1.8648,-0.2504
2023-06-02,7154.65,19729.32,0.9081,-0.8971
2023-06-05,7052.83,19780.4,-1.4231,0.2589
2023-06-06,6942.1,19847.0,-1.5701,0.3367
2023-06-07,6918.87,19951.09,-0.3347,0.5245
2023-06-08,6816.32,20216.07,-1.4822,1.3282
2023-06-09,6805.32,20376.49,-0.1613,0.7935
2023-06-12,6879.9,20146.76,1.0959,-1.1274
2023-06-13,6949.42,19865.7,1.0105,-1.3951
2023-06-14,6847.46,20261.82,-1.4672,1.994
2023-06-15,6933.95,20688.06,1.263,2.1037
2023-06-16,6908.49,20715.46,-0.3672,0.1324
2023-06-19,6951.33,20719.15,0.6201,0.0178
2023-06-20,6897.06,20539.7,-0.7807,-0.8661
2023-06-21,6916.04,20326.73,0.2752,-1.0369
2023-06-22,6835.51,20412.83,-1.1643,0.4236
2023-06-23,6831.09,20610.26,-0.0647,0.9672
2023-06-26,6801.89,20496.64,-0.4274,-0.5513
2023-06-27,6836.3,20336.35,0.5059,-0.782
2023-06-28,6789.54,20216.68,-0.6839,-0.5885
2023-06-29,6776.59,20581.07,-0.1907,1.8024
2023-06-30,6676.67,20853.87,-1.4745,1.3255
2023-07-03,6733.53,21186.9,0.8516,1.597
2023-07-04,6968.55,21496.54,3.4904,1.4615
2023-07-05,7042.29,21220.85,1.0582,-1.2825
2023-07-06,6953.22,21303.65,-1.2648,0.3902
2023-07-07,6826.12,21441.15,-1.8279,0.6454
2023-07-10,6668.54,21694.63,-2.3084,1.1822
2023-07-11,6647.61,21728.6,-0.3139,0.1566
2023-07-12,6595.55,21322.6,-0.7832,-1.8685
2023-07-13,6687.77,21613.8,1.3982,1.3657
2023-07-14,6664.59,21763.35,-0.3466,0.6919
2023-07-17,6638.6,21832.66,-0.39,0.3185
2023-07-18,6696.69,21960.4,0.8751,0.5851
2023-07-19,6798.15,22080.94,1.5151,0.5489
2023-07-20,6802.97,21919.44,0.0709,-0.7314
2023-07-21,6769.88,22103.57,-0.4864,0.8401
2023-07-24,6660.75,22354.62,-1.612,1.1358
2023-07-25,6642.82,22178.33,-0.2693,-0.7886
2023-07-26,6565.19,22334.55,-1.1686,0.7044
2023-07-27,6566.76,22696.09,0.0239,1.6188
2023-07-28,6478.15,22571.68,-1.3494,-0.5482
2023-07-31,6474.17,22408.74,-0.0614,-0.7219
2023-08-01,6477.2,22487.06,0.0467,0.3495
2023-08-02,6514.31,22832.5,0.5729,1.5362
2023-08-03,6423.51,22916.47,-1.3938,0.3678
2023-08-04,6380.37,23021.89,-0.6716,0.46
2023-08-07,6413.19,22801.59,0.5145,-0.9569
2023-08-08,6352.18,22925.09,-0.9513,0.5416
2023-08-09,6356.36,22881.62,0.0657,-0.1896
2023-08-10,6404.91,23055.91,0.7638,0.7617
2023-08-11,6370.16,22866.38,-0.5426,-0.8221
2023-08-14,6284.28,22880.89,-1.3481,0.0635
2023-08-15,6188.41,22910.5,-1.5255,0.1294
2023-08-16,6273.72,22836.39,1.3785,-0.3235
2023-08-17,6239.23,23299.48,-0.5498,2.0278
2023-08-18,6345.34,23128.32,1.7007,-0.7346
2023-08-21,6357.58,23211.28,0.1929,0.3587
2023-08-22,6374.37,23639.45,0.264,1.8447
2023-08-23,6383.04,23702.62,0.136,0.2672
2023-08-24,6433.95,23991.77,0.7975,1.2199
2023-08-25,6502.83,24128.06,1.0706,0.5681
2023-08-28,6393.94,24017.52,-1.6746,-0.4581
2023-08-29,6454.13,24084.86,0.9414,0.2804
2023-08-30,6515.36,24546.61,0.9487,1.9172
2023-08-31,6433.61,24833.29,-1.2547,1.1679
2023-09-01,6412.8,25073.02,-0.3234,0.9653
2023-09-04,6412.46,25613.85,-0.0053,2.157
2023-09-05,6424.2,25457.47,0.1831,-0.6105
2023-09-06,6456.44,25547.57,0.5019,0.3539
2023-09-07,6539.85,25669.7,1.2919,0.4781
2023-09-08,6720.52,25648.8,2.7626,-0.0814
2023-09-11,6715.84,25501.61,-0.0696,-0.5739
2023-09-12,6724.86,25568.18,0.1342,0.2611
2023-09-13,6748.35,25593.03,0.3493,0.0972
2023-09-14,6705.78,25375.06,-0.6308,-0.8517
2023-09-15,6680.79,25672.34,-0.3727,1.1715
2023-09-18,6783.17,25660.28,1.5325,-0.047
2023-09-19,6715.63,25647.15,-0.9957,-0.0512
2023-09-20,6872.83,25911.05,2.3408,1.029
2023-09-21,6917.22,26168.27,0.6458,0.9927
2023-09-22,7037.21,25874.44,1.7346,-1.1229
2023-09-25,7009.68,25745.4,-0.3912,-0.4987
2023-09-26,7057.75,25794.34,0.6858,0.1901
2023-09-27,7119.29,25671.33,0.8719,-0.4769
2023-09-28,7229.58,25661.23,1.5491,-0.0393
2023-09-29,7287.71,25975.68,0.804,1.2254
2023-10-02,7380.02,26077.2,1.2666,0.3908
2023-10-03,7449.49,26539.2,0.9413,1.7717
2023-10-04,7494.56,26353.52,0.605,-0.6996
2023-10-05,7545.62,26351.6,0.6814,-0.0073
2023-10-06,7353.75,26481.25,-2.5428,0.492
2023-10-09,7366.13,26795.43,0.1683,1.1864
2023-10-10,7308.3,26400.01,-0.7851,-1.4757
2023-10-11,7324.78,26508.3,0.2255,0.4102
2023-10-12,7335.27,26521.74,0.1432,0.0507
2023-10-13,7251.97,26492.85,-1.1356,-0.1089
2023-10-16,7227.08,26784.99,-0.3432,1.1027
2023-10-17,7260.13,26718.56,0.4573,-0.248
2023-10-18,7400.71,26654.73,1.9363,-0.2389
2023-10-19,7449.08,26618.23,0.6536,-0.1369
2023-10-20,7585.72,26649.34,1.8343,0.1169
2023-10-23,7598.47,26620.06,0.1681,-0.1099
2023-10-24,7617.93,26947.36,0.2562,1.2295
2023-10-25,7691.86,26963.01,0.9704,0.0581
2023-10-26,7838.89,27206.48,1.9115,0.903
2023-10-27,7804.24,26839.1,-0.442,-1.3503
2023-10-30,7771.73,26958.09,-0.4165,0.4433
2023-10-31,7825.89,27332.57,0.6969,1.3891
2023-11-01,7734.8,27220.74,-1.164,-0.4092
2023-11-02,7637.7,26864.48,-1.2554,-1.3088
2023-11-03,7588.01,26971.03,-0.6506,0.3966
2023-11-06,7655.43,26723.34,0.8885,-0.9184
2023-11-07,7590.34,26255.73,-0.8502,-1.7498
2023-11-08,7611.27,26071.38,0.2758,-0.7021
2023-11-09,7753.55,26186.04,1.8693,0.4398
2023-11-10,7742.03,26026.01,-0.1486,-0.6111
2023-11-13,7617.84,25677.82,-1.6041,-1.3379
2023-11-14,7568.75,25506.06,-0.6444,-0.6689
2023-11-15,7488.59,25609.89,-1.0591,0.4071
2023-11-16,7533.95,25500.12,0.6057,-0.4286
2023-11-17,7697.34,25062.35,2.1687,-1.7167
2023-11-20,7705.34,25015.09,0.104,-0.1886
2023-11-21,7661.75,24848.07,-0.5658,-0.6677
2023-11-22,7664.23,24799.49,0.0323,-0.1955
2023-11-23,7634.26,24484.85,-0.3911,-1.2687
2023-11-24,7501.43,24421.55,-1.7399,-0.2585
2023-11-27,7471.25,24380.76,-0.4023,-0.167
2023-11-28,7465.31,24260.68,-0.0795,-0.4925
2023-11-29,7450.85,24060.89,-0.1936,-0.8235
2023-11-30,7578.73,23875.68,1.7163,-0.7697
2023-12-01,7550.83,23710.03,-0.3681,-0.6938
2023-12-04,7492.34,23722.99,-0.7746,0.0546
2023-12-05,7486.91,23621.11,-0.0725,-0.4295
2023-12-06,7466.56,23458.17,-0.2718,-0.6898
2023-12-07,7502.54,23947.32,0.4819,2.0852
2023-12-08,7433.34,24048.85,-0.9223,0.424
2023-12-11,7439.99,24216.86,0.0894,0.6986
2023-12-12,7499.99,24273.87,0.8065,0.2354
2023-12-13,7499.7,24175.69,-0.0038,-0.4045
2023-12-14,7439.59,24159.53,-0.8015,-0.0668
2023-12-15,7337.44,24023.31,-1.373,-0.5639
2023-12-18,7429.71,24054.18,1.2575,0.1285
2023-12-19,7505.64,24414.91,1.0219,1.4996
2023-12-20,7494.03,24472.85,-0.1547,0.2373
2023-12-21,7472.15,24281.32,-0.292,-0.7826
2023-12-22,7396.81,24493.33,-1.0083,0.8732
2023-12-25,7416.74,24952.97,0.2695,1.8766
2023-12-26,7499.01,24778.0,1.1093,-0.7012
2023-12-27,7571.33,24709.84,0.9644,-0.2751
2023-12-28,7675.7,24597.08,1.3785,-0.4563
2023-12-29,7589.91,24408.73,-1.1177,-0.7658
